#style	system	key	winner
snap	3DO	Emit Vol. 2 - Inochigake no Tabi (Japan)	Emit Vol. 1 - Toki no Maigo (Japan)
snap	Arcade	slashout	slasho
snap	FDS	Famicom Mukashibanashi - Shin Onigashima - Zenpen (Japan) (DV 2, 3) (Disk Writer)	Famicom Mukashibanashi - Shin Onigashima - Kouhen (Japan)
snap	FDS	Tantei Jinguuji Saburou - Kiken na Futari - Zenpen (Japan)	Tantei Jinguuji Saburou - Kiken na Futari - Kouhen (Japan)
snap	GAMEBOY	Medarot - Kuwagata Version (Japan) (SGB Enhanced)	Medarot - Kabuto Version (Japan) (SGB Enhanced)
snap	GAMEBOY	Sports Collection (Japan)	Malibu Beach Volleyball (USA)
snap	GBA	Twin Series 1 - Mezase Debut! - Fashion Designer Monogatari + Kawaii Pet Game Gallery 2 (Japan)	Kawaii Pet Game Gallery 2 (Japan)
snap	GBC	Network Boukenki Bugsite - Beta Version (Japan)	Network Boukenki Bugsite - Alpha Version (Japan)
snap	Genesis	Mega Games 6 (Europe)	6-Pak (USA)
snap	NES	Igo Shinan '91 (Japan)	Igo Meikan (Japan)
snap	PSX	Arc the Lad Collection - The Making of Arc the Lad (USA)	Arc the Lad Collection - Arc the Lad (USA)
snap	PSX	Command & Conquer - Alarmstufe Rot & Bloody Roar (Germany) (Demo)	Command & Conquer - Red Alert (USA) (Disc 1) (Allies)
snap	PSX	Disney Il Re Leone - La Grande Avventura di Simba (Italy)	Disney's The Lion King - Simba's Mighty Adventure (USA)
snap	PSX	Disney's Tigger's Honey Hunt (Europe)	Disney Presents Tigger's Honey Hunt (USA)
snap	PSX	Dracula 2 - The Last Sanctuary (Europe) (Disc 1)	Dracula - The Last Sanctuary (USA) (Disc 1)
snap	PSX	Grab des Pharao, Das (Germany)	Egypt 1156 B.C. - Tomb of the Pharaoh (Europe) (En,Es,Nl,Sv)
snap	PSX	Kids Station - Kuma no Pooh-san - Mori no Tomodachi (Japan)	Disney's Winnie the Pooh - Preschool (USA)
snap	SNES	Brandish 2 - The Planet Buster (Japan)	Brandish 2 - Expert (Japan)
snap	SNES	Oekaki Logic 2 (Japan) (NP)	Oekaki Logic (Japan) (NP)
snap	Saturn	Aquazone - Desktop Life Option Disc Series 1 - Angel Fish (Japan) (Rev A)	Aquazone - Desktop Life (Japan)
snap	Saturn	Aquazone - Desktop Life Option Disc Series 2 - Black Molly (Japan) (Rev A)	Aquazone - Desktop Life (Japan)
snap	Saturn	Aquazone - Desktop Life Option Disc Series 3 - Blue Emperor (Japan) (Rev A)	Aquazone - Desktop Life (Japan)
snap	Saturn	Aquazone - Desktop Life Option Disc Series 4 - Clown Loach (Japan) (Rev A)	Aquazone - Desktop Life (Japan)
snap	Saturn	Aquazone - Desktop Life Option Disc Series 5 - False Rummy-Nose (Japan) (Rev A)	Aquazone - Desktop Life (Japan)
snap	Saturn	Cross Tantei Monogatari (Japan) (Demo 1)	Cross Tantei Monogatari - Motsureta Nanatsu no Labyrinth (Japan) (Disc 1)
snap	Saturn	Daytona USA C.C.E. Net Link Edition (USA)	Daytona USA (USA)
snap	Saturn	Digital Pinball (Europe) (4S)	Digital Pinball - Last Gladiators Ver.9.7 (Japan)
snap	Saturn	Digital Pinball - Necronomicon (Japan)	Digital Pinball - Necronomicon - Revelations (Japan) (Demo)
snap	Saturn	Dino Island (Japan)	Dino Island - Yokoku-hen (Japan)
snap	Saturn	F1 Challenge (USA)	F-1 Challenge (Europe)
snap	Saturn	FIFA Soccer 97 (USA) (En,Fr,De,Es,It,Sv)	FIFA 97 (Europe) (En,Fr,De,Es,It,Sv)
snap	Saturn	Fishing Koushien II (Japan)	Fishing Koushien (Japan)
snap	Saturn	Funky Head Boxers Plus (Japan)	Funky Head Boxers (Japan)
snap	Saturn	Ginga Eiyuu Densetsu Plus (Japan)	Ginga Eiyuu Densetsu (Japan)
snap	Saturn	Kidou Senkan Nadesico - Yappari Saigo wa Ai ga Katsu (Japan)	Kidou Senkan Nadesico - The Blank of 3 Years (Japan) (Disc 1)
snap	Saturn	Last Gladiators - Digital Pinball (USA) (3S)	Digital Pinball - Last Gladiators Ver.9.7 (Japan)
snap	Saturn	Mass Destruction (USA)	Mass Destruction - Otousan ni mo Dekiru Soft (Japan)
snap	Saturn	Mobile Suit Gundam Side Story I - Senritsu no Blue (Japan)	Mobile Suit Gundam Side Story - Optional Guide (Japan)
snap	Saturn	Pebble Beach Golf Links (USA)	Pebble Beach Golf Links - Stadler ni Chousen (Japan)
snap	Saturn	Robotica (USA)	Robotica - Cybernation Revolt (Europe)
snap	Saturn	Teitoku no Ketsudan III with Power-Up Kit (Japan)	Teitoku no Ketsudan III (Japan)
snap	Saturn	Vampire Hunter - Darkstalker's Revenge (Japan) (En,Ja) (Demo)	Vampire Hunter - Darkstalkers' Revenge (Japan) (1M)
snap	Saturn	Yuukyuu Gensoukyoku Ensemble 2 (Japan)	Yuukyuu Gensoukyoku Ensemble (Japan)
title	Arcade	cdiscon1	disco
title	Arcade	cfever61	cfever51
title	Arcade	ckongpt2	ckong
title	Arcade	dogfight	dogfgt
title	Arcade	gundmgd	gundmct
title	Arcade	mushike	mushik2e
title	Arcade	slashout	slasho
title	Atari2600	Artillery Duel (USA)	Artillery Duel (USA) (Alt)
title	Atari2600	Asteroids (USA)	Asteroids (Japan, USA) (En)
title	Atari2600	Dodge 'Em ~ Dodger Cars (USA)	Dodge 'Em (Europe) (Rev 1)
title	Atari2600	Indy 500 ~ Race (USA)	Indy 500 (Europe)
title	Atari2600	Quick Step! (USA)	Quick Step (Europe)
title	Atari2600	RealSports Basketball (Europe) (Proto)	RealSports Baseball (USA) (NTSC)
title	Atari2600	Sky Diver ~ Dare Diver (USA)	Sky Diver (Europe)
title	Atari2600	Slot Racers ~ Maze (USA)	Slot Racers (Europe)
title	Atari2600	Smurf (Europe)	Smurf - Rescue in Gargamel's Castle (USA)
title	Atari2600	Space War ~ Space Combat (USA)	Space War (Europe)
title	Atari2600	StarMaster (USA)	Starmaster - International Edition (Europe)
title	Atari2600	Street Racer ~ Speedway II (USA)	Street Racer - Speedway II (Europe)
title	Atari2600	Surround ~ Chase (USA)	Surround (Europe)
title	Atari2600	Tennis (USA)	Tennis - International Edition (Europe)
title	Atari2600	Title Match Pro Wrestling (USA)	Title Match Pro Wrestling (Europe)
title	Atari2600	Video Pinball ~ Arcade Pinball (USA)	Video Pinball (Europe)
title	CD-i	Clue (USA)	Clue - The Mysteries Continue (USA)
title	FDS	Tantei Jinguuji Saburou - Kiken na Futari - Zenpen (Japan)	Tantei Jinguuji Saburou - Kiken na Futari - Kouhen (Japan)
title	FDS	Time Twist - Rekishi no Katasumi de... - Zenpen (Japan)	Time Twist - Rekishi no Katasumi de... - Kouhen (Japan)
title	GBA	2 in 1 - Asterix & Obelix - Bash Them All! + Asterix & Obelix XXL (Europe) (En,Fr,De,Es,It,Nl)	Asterix & Obelix - Bash Them All! (Europe) (En,Fr,De,Es,It,Nl)
title	GBA	Chicken Shoot 2 (USA)	Chicken Shoot (USA)
title	GBA	Crash & Spyro Super Pack Volume 1 (Europe) (En,Fr,De,Es,It,Nl)	Spyro Superpack - Spyro - Season of Ice + Spyro 2 - Season of Flame (USA)
title	GBA	EZ-Talk - Shokyuu Hen 2 (Japan)	EZ-Talk - Shokyuu Hen 1 (Japan)
title	GBA	Tokimeki Yume Series 1 - Ohanaya-san ni Narou! (Japan)	Ohanaya-san Monogatari GBA - Iyashikei Ohanaya-san Ikusei Game (Japan)
title	Genesis	Jeopardy! (USA)	Jeopardy! - Deluxe Edition (USA)
title	Genesis	Jeopardy! - Sports Edition (USA)	Jeopardy! - Deluxe Edition (USA)
title	Genesis	Mega Games 6 Vol. 2 (Europe)	Mega Games 6 (Europe)
title	NES	Nantettatte!! Baseball + Nantettatte!! Baseball - Ko-Game Cassette - OB All Star Hen (Japan)	Nantettatte!! Baseball (Japan)
title	PSX	Amerzone - The Explorer's Legacy (Europe) (Disc 1)	Amerzone - El Legado del Explorador (Spain) (Disc 1)
title	PSX	Arc the Lad Collection - The Making of Arc the Lad (USA)	Arc the Lad Collection - Arc the Lad (USA)
title	PSX	Atlantis - The Lost Tales (Europe) (Disc 1)	Atlantis - Secrets d'un Monde Oublie (France) (Disc 1)
title	PSX	Box-Champions (Germany)	Knockout Kings (USA)
title	PSX	Carnage Heart EZ (Easy Zapping) (Japan)	Carnage Heart Extra (Japan)
title	PSX	Classic Road 2 (Japan)	Classic Road - Yuushun 2 (Japan)
title	PSX	Command & Conquer - Alarmstufe Rot & Bloody Roar (Germany) (Demo)	Command & Conquer - Red Alert (USA) (Disc 1) (Allies)
title	PSX	Concert, Le - pp - Pianissimo (Japan)	Concert, Le - ff - Fortissimo (Japan)
title	PSX	Culdcept - Expansion Plus (Japan)	Culdcept - Expansion (Japan)
title	PSX	EPS Series Vol. 2 - Moonlight to Daybreak - Yukie Nakama (Japan)	EPS Series Vol. 1 - Because I Love You - Yukiko Morikawa (Japan)
title	PSX	EPS Series Vol. 3 - Come and Kiss Me - Tomomi Tsunoda (Japan)	EPS Series Vol. 1 - Because I Love You - Yukiko Morikawa (Japan)
title	PSX	EPS Series Vol. 4 - Noise Reduction - Tomoa Yamamoto (Japan)	EPS Series Vol. 1 - Because I Love You - Yukiko Morikawa (Japan)
title	PSX	EPS Series Vol. 5 - Believer Dreamer - Junko Mizutani (Japan)	EPS Series Vol. 1 - Because I Love You - Yukiko Morikawa (Japan)
title	PSX	GZSZ Vol. 2 (Germany) (Disc 1)	GZSZ Quiz (Germany)
title	PSX	GZSZ Vol. 3 (Germany)	GZSZ Quiz (Germany)
title	PSX	King's Field III (Japan)	King's Field III - Pilot Style (Japan)
title	PSX	Knockout Kings 99 (Europe)	Knockout Kings (USA)
title	PSX	Legend of Heroes III, The - Shiroki Majo - Mou Hitotsu no Eiyuutachi no Monogatari (Japan)	Legend of Heroes I & II, The - Eiyuu Densetsu (Japan)
title	PSX	Lode Runner Extra (Japan)	Lode Runner (USA)
title	PSX	Metal Gear Solid - VR Missions (USA)	Metal Gear Solid - Special Missions (Europe) (En,Fr,De,Es,It)
title	PSX	Olympic Summer Games (USA)	Olympic Games (Europe) (En,Fr,De,Es,It)
title	PSX	Prism Land Story (Europe)	Sorcerer's Maze (USA)
title	PSX	Quaddle Family Mysteries, The 2 - The Case of the Scarce Scarab - Garden (USA)	Quaddle Family Mysteries, The 1 - The Case of the Scarce Scarab - Lobby & Kitchen (USA)
title	PSX	Quaddle Family Mysteries, The 3 - The Case of the Scarce Scarab - Parlor & Family Room (USA)	Quaddle Family Mysteries, The 1 - The Case of the Scarce Scarab - Lobby & Kitchen (USA)
title	PSX	Rayman Junior - Level 2 (Europe) (En,Fr,De,Es,It)	Rayman Junior - Level 1 (Europe) (En,Fr,De,Es,It)
title	PSX	Rayman Junior - Level 3 (Europe) (En,Fr,Es,It)	Rayman Junior - Level 1 (Europe) (En,Fr,De,Es,It)
title	PSX	Samurai Shodown III (Europe)	Samurai Shodown III - Blades of Blood (USA)
title	PSX	SuperLite 1500 Series - Fishing Club - Hama no Tsuri-hen (Japan)	SuperLite 1500 Series - Fishing Club - Boat no Tsuri-hen (Japan)
title	PSX	SuperLite 3in1 Series - Crossword-shuu (Japan)	SuperLite 3in1 Series - NumCro-shuu (Japan)
title	PSX	SuperLite Gold Series - Minna no Othello (Japan)	SuperLite Gold Series - Minna no Igo (Japan)
title	PSX	Taikyoku Igo - Shinzui Gosennin - Nigou (Japan)	Taikyoku Igo - Shinzui Gosennin (Japan)
title	PSX	Thrasher - Skate and Destroy (USA)	Thrasher - SK8 (Japan)
title	PSX	V-Rally - Championship Edition (Japan)	V-Rally - 97 Championship Edition (Europe) (En,Fr,De)
title	Satellaview	Dezaemon BSX Version - Sugoi STG 2 - Crystal Guardian (Japan) (En) (7-8)	Dezaemon BSX Version - BS-X Shooting (Japan) (En) (4-30)
title	Satellaview	Jewel of Live II (Japan)	Jewel of Live (Japan)
title	Satellaview	Mario Paint - Yuushou Naizou Ban (Japan)	Mario Paint - BS Ban (Japan) (6-4)
title	Satellaview	Monopoly 2 BS - Yellow Cup (Japan)	Monopoly 2 BS - Red Cup (Japan)
title	Saturn	Albert Odyssey Gaiden - Legend of Eldean (Japan) (1M)	Albert Odyssey - Legend of Eldean (USA)
title	Saturn	Aquazone - Desktop Life Option Disc Series 1 - Angel Fish (Japan) (Rev A)	Aquazone - Desktop Life (Japan)
title	Saturn	Aquazone - Desktop Life Option Disc Series 2 - Black Molly (Japan) (Rev A)	Aquazone - Desktop Life (Japan)
title	Saturn	Aquazone - Desktop Life Option Disc Series 3 - Blue Emperor (Japan) (Rev A)	Aquazone - Desktop Life (Japan)
title	Saturn	Aquazone - Desktop Life Option Disc Series 4 - Clown Loach (Japan) (Rev A)	Aquazone - Desktop Life (Japan)
title	Saturn	Aquazone - Desktop Life Option Disc Series 5 - False Rummy-Nose (Japan) (Rev A)	Aquazone - Desktop Life (Japan)
title	Saturn	Break Point (Europe) (En,Fr)	Break Point Tennis (USA)
title	Saturn	Bug Too! (USA)	Bug Too! Motto Motto Jump Shite, Funzukechatte, Petchanko (Japan)
title	Saturn	Bug! (USA)	Bug! Jump Shite, Funzukechatte, Petchanko (Japan)
title	Saturn	Chaos Control Remix (Japan)	Chaos Control (Europe) (En,Fr,De)
title	Saturn	Cross Tantei Monogatari (Japan) (Demo 1)	Cross Tantei Monogatari - Motsureta Nanatsu no Labyrinth (Japan) (Disc 1)
title	Saturn	D no Shokutaku (Japan) (Disc 1)	D (USA) (Disc 1)
title	Saturn	Daytona USA - Circuit Edition (Japan)	Daytona USA - Championship Circuit Edition (USA)
title	Saturn	Daytona USA C.C.E. Net Link Edition (USA)	Daytona USA (USA)
title	Saturn	Dennou Senki - Virtual On - Cyber Troopers for SegaNet (Japan)	Dennou Senki - Virtual On - Cyber Troopers (Japan)
title	Saturn	Devil Summoner - Soul Hackers Extra Dungeon (Japan) (3M)	Devil Summoner - Soul Hackers (Japan) (Disc 1)
title	Saturn	Digital Pinball - Last Gladiators Ver.9.7 (Japan)	Last Gladiators - Digital Pinball (USA) (3S)
title	Saturn	Digital Pinball - Necronomicon - Revelations (Japan) (Demo)	Digital Pinball - Necronomicon (Japan)
title	Saturn	Dino Island (Japan)	Dino Island - Yokoku-hen (Japan)
title	Saturn	F-1 Challenge (Europe)	F1 Challenge (USA)
title	Saturn	Gun Griffon (Europe)	Gungriffon II (Japan)
title	Saturn	Gungriffon (USA)	Gungriffon II (Japan)
title	Saturn	Hang On GP '96 (Europe)	Hang-On GP (USA)
title	Saturn	Hyper 3-D Pinball (USA)	Hyper 3D Pinball (Japan)
title	Saturn	Johnny Bazookatone (USA)	Johnny Bazooka (Japan)
title	Saturn	Keio Flying Squadron 2 (Europe)	Keiou Yuugekitai - Katsugeki-hen (Japan)
title	Saturn	Kidou Senkan Nadesico - Yappari Saigo wa Ai ga Katsu (Japan)	Kidou Senkan Nadesico - The Blank of 3 Years (Japan) (Disc 1)
title	Saturn	Lunar - Silver Star Story (Japan)	Lunar - Silver Star Story Complete (Japan)
title	Saturn	Mobile Suit Gundam Side Story I - Senritsu no Blue (Japan)	Mobile Suit Gundam Side Story - Optional Guide (Japan)
title	Saturn	Mortal Kombat II Kanzenban (Japan) (4S)	Mortal Kombat II (USA)
title	Saturn	Panzer Dragoon Saga (USA) (Disc 1)	Azel - Panzer Dragoon RPG (Japan) (Disc 1) (1M)
title	Saturn	Pebble Beach Golf Links - Stadler ni Chousen (Japan)	Pebble Beach Golf Links (USA)
title	Saturn	Pro Yakyuu Greatest Nine '97 (Japan) (Rev A)	Pro Yakyuu Greatest Nine '97 - Make Miracle (Japan)
title	Saturn	Robotica (USA)	Robotica - Cybernation Revolt (Europe)
