#media	system	key	reason
mixrbv2	Arcade	batlgear	unusable mix
mixrbv2	Arcade	batlgr2	unusable mix
mixrbv2	Arcade	catapult	unusable mix
mixrbv2	Arcade	code1d	unusable mix
mixrbv2	Arcade	cops	unusable mix
mixrbv2	Arcade	ghostsqu	unusable mix
mixrbv2	Arcade	gtrfrk3m	unusable mix
mixrbv2	Arcade	gtrfrk4m	unusable mix
mixrbv2	Arcade	gtrfrk5m	unusable mix
mixrbv2	Arcade	gtrfrk6m	unusable mix
mixrbv2	Arcade	gtrfrk7m	unusable mix
mixrbv2	Arcade	gtrfrk8m	unusable mix
mixrbv2	Arcade	gtrfrk9m	unusable mix
mixrbv2	Arcade	gundamos	unusable mix
mixrbv2	Arcade	gunmania	unusable mix
mixrbv2	Arcade	jpark3	unusable mix
mixrbv2	Arcade	kaiunqz	unusable mix
mixrbv2	Arcade	kungfu	unusable mix
mixrbv2	Arcade	landhigh	unusable mix
mixrbv2	Arcade	lgp	unusable mix
mixrbv2	Arcade	mgfx	unusable mix
mixrbv2	Arcade	mocapb	unusable mix
mixrbv2	Arcade	momotaro	unusable mix
mixrbv2	Arcade	outr2st	unusable mix
mixrbv2	Arcade	p9112	unusable mix
mixrbv2	Arcade	pcnfrk4m	unusable mix
mixrbv2	Arcade	pcnfrk5m	unusable mix
mixrbv2	Arcade	popnstex	unusable mix
mixrbv2	Arcade	racingj	unusable mix
mixrbv2	Arcade	raizpin	unusable mix
mixrbv2	Arcade	sfish2	unusable mix
mixrbv2	Arcade	shorsepr	unusable mix
mixrbv2	Arcade	spcwarp	unusable mix
mixrbv2	Arcade	thrild2	unusable mix
mixrbv2	Arcade	wangmid	unusable mix
mixrbv2	Arcade	wcat3	unusable mix
mixrbv2	Arcade	wcherry	unusable mix
mixrbv2	Arcade	yorijori	unusable mix
mixrbv2	CD-i	Big Bang Show (France) (En,Fr)	unusable mix
mixrbv2	CD-i	Do You Remember the '60s (UK)	unusable mix
mixrbv2	CD-i	Solar Crusade (Europe)	unusable mix
mixrbv2	CD-i	Voetbal (Netherlands)	unusable mix
mixrbv2	Saturn	Real Sound - Kaze no Regret (Japan) (Disc 1) (4M)	unusable mix
ss	Arcade	gtrfrk5m	system notice, not the game
ss	Arcade	gtrfrk6m	system notice, not the game
ss	Arcade	gtrfrk7m	system notice, not the game
ss	Arcade	mamboagg	system notice, not the game
sstitle	Saturn	Impact Racing (USA)	system notice, not the game
lr-titles	Saturn	Impact Racing (USA)	system notice, not the game
sstitle	Saturn	NHL 98 (USA)	system notice, not the game
lr-titles	Saturn	NHL 98 (USA)	system notice, not the game
ss	Arcade	batlgear	single colour
ss	Arcade	bmiidx	single colour
ss	Arcade	catapult	reviewed: unusable
ss	Arcade	code1d	single colour
ss	Arcade	cops	single colour
ss	Arcade	fantsia2	reviewed: unusable
ss	Arcade	jpark3	single colour
ss	Arcade	mocapb	single colour
ss	Arcade	outr2st	single colour
ss	Arcade	streetg	reviewed: unusable
ss	Arcade	thrild2	single colour
ss	Arcade	wangmid	single colour
ss	Arcade	wcat3	reviewed: unusable
ss	Arcade	wcherry	reviewed: unusable
ss	Arcade	zortonbr	reviewed: unusable
ss	PSX	Test Drive 4x4 (Europe) (En,Fr,De)	title screen, not gameplay
lr-snaps	PSX	Test Drive 4x4 (Europe) (En,Fr,De)	title screen, not gameplay
sstitle	Arcade	bmiidx	reviewed: unusable
sstitle	Arcade	catapult	reviewed: unusable
sstitle	Arcade	blockade	reviewed: unusable
sstitle	Arcade	dotrikun	reviewed: unusable
sstitle	Arcade	gunchamp	reviewed: unusable
sstitle	Arcade	mjmania	reviewed: unusable
sstitle	Arcade	mjyarou	reviewed: unusable
sstitle	Arcade	p9112	reviewed: unusable
sstitle	Arcade	qc	reviewed: unusable
sstitle	Atari2600	Seaquest - International Edition (Europe)	single colour
lr-titles	Atari2600	Seaquest - International Edition (Europe)	single colour
sstitle	Atari2600	Seaquest (USA)	single colour
lr-titles	Atari2600	Seaquest (USA)	single colour
sstitle	GAMEBOY	Game Boy Camera Gold (USA) (SGB Enhanced)	single colour
lr-titles	GAMEBOY	Game Boy Camera Gold (USA) (SGB Enhanced)	single colour
ss	Arcade	gtipokra	single colour
ss	Saturn	Real Sound - Kaze no Regret (Japan) (Disc 1) (4M)	single colour
lr-snaps	Saturn	Real Sound - Kaze no Regret (Japan) (Disc 1) (4M)	single colour
lr-titles	Atari2600	Fishing Derby (USA)	single colour
sstitle	Atari2600	Fishing Derby (USA)	single colour
lr-titles	Atari2600	Raft Rider (USA)	single colour
sstitle	Atari2600	Raft Rider (USA)	single colour
