# ScreenScraper subsystem overrides, tab separated:
#   <system section>  <key>  <systemeid>   (system column may be omitted)
#
# jeuInfos falls back to a global name search when a romset is missing from
# the queried system, so generic names resolve elsewhere. Generate candidates
# with:  python build_pack.py resolve --system Arcade
#
# system	key	systemeid	# notes
Arcade	pacman	155	# Namco Classics - Pac-man
Arcade	tetris	147	# Sega Classics - Tetris (System 16)
NEOGEO	neotris	75	# Mame - NeoTris, homebrew filed as a MAME romset
NEOGEO	sbp	154	# SNK Classics - check the returned name before trusting it
